{"Aloha": [17.15, 56.939499999999995, 93.71333333333332, 113.6715, 128.7128, 183.77433333333332, 178.22171428571428, 213.31425000000002, 287.123, 338.2014], "BEB": [2.764, 5.248, 3.765, 6.7265, 3.5574, 6.967333333333333, 8.338285714285714, 9.415999999999999, 12.007, 8.7543], "CSCD": [3.57, 5.0215, 5.340000000000001, 7.4037500000000005, 7.683000000000002, 9.908, 12.564571428571428, 10.296375, 14.921888888888889, 12.4812]}