{"1": [168.155, 159.161, 153.25, 156.32999999999998, 161.612, 152.542, 155.165, 153.74099999999999, 152.528, 157.107], "2": [133.86100000000002, 128.322, 125.64500000000001, 125.226, 129.242, 126.87300000000002, 123.27000000000001, 129.335, 123.658, 127.60499999999999], "3": [120.145, 121.291, 121.405, 120.27, 119.145, 116.30600000000001, 122.596, 123.416, 108.523, 124.931], "4": [109.66499999999999, 106.849, 102.161, 108.71000000000001, 107.909, 111.256, 105.284, 103.23400000000001, 111.444, 109.074], "5": [95.678, 78.597, 88.792, 84.857, 83.578, 86.093, 86.699, 89.377, 87.744, 85.342], "6": [88.62, 86.52, 86.56400000000001, 87.601, 87.979, 87.238, 88.393, 83.39, 84.288, 84.726], "7": [88.443, 87.59599999999999, 86.263, 87.81400000000001, 88.662, 87.462, 88.18299999999999, 86.61, 87.662, 86.885], "8": [88.711, 88.37299999999999, 87.792, 87.116, 86.73899999999999, 86.15599999999999, 86.654, 85.26100000000001, 84.483, 90.10799999999999], "9": [87.54, 79.327, 88.727, 85.298, 86.258, 88.152, 83.589, 84.173, 83.74, 82.301], "10": [62.002, 61.106, 62.75899999999999, 60.446, 62.742999999999995, 62.415, 62.491, 60.564, 61.532999999999994, 62.559000000000005]}