{"1": 97.79100000000001, "5": 282.37935999999996, "9": 378.99757777777774, "13": 555.9499999999999, "17": 737.2251529411765, "21": 929.3187904761902, "25": 1087.4713199999999, "29": 1306.2866000000001}