{"FIFO": [68.615, 307.8124, 554.8835555555556, 765.1406153846153, 1080.843, 1259.3079047619049, 1487.0757599999997, 1617.6553793103446], "RR": [68.615, 342.7442, 597.9416666666667, 820.2860000000001, 1314.3556470588237, 1295.9999047619046, 1545.9085999999998, 1871.9693103448276]}